[
  {
    "id": 553,
    "firstname": "Lou",
    "lastname": "Williams",
    "birth": {
      "date": "1986-10-27",
      "country": "USA"
    },
    "nba": {
      "start": 2005,
      "pro": 16
    },
    "height": {
      "feets": "6",
      "inches": "2",
      "meters": "1.88"
    },
    "weight": {
      "pounds": "175",
      "kilograms": "79.4"
    },
    "college": "South Gwinnett HS (GA)",
    "affiliation": "South Gwinnett HS (GA)/USA",
    "leagues": {
      "standard": {
        "jersey": 6,
        "active": true,
        "pos": "G"
      },
      "africa": null,
      "vegas": null,
      "utah": null,
      "sacramento": null
    }
  },
  {
    "id": 402,
    "firstname": "Jahlil",
    "lastname": "Okafor",
    "birth": {
      "date": null,
      "country": null
    },
    "nba": {
      "start": 0,
      "pro": 0
    },
    "height": {
      "feets": null,
      "inches": null,
      "meters": null
    },
    "weight": {
      "pounds": null,
      "kilograms": null
    },
    "college": null,
    "affiliation": null,
    "leagues": {
      "standard": {
        "jersey": 14,
        "active": false,
        "pos": null
      },
      "africa": null,
      "vegas": null,
      "utah": null,
      "sacramento": null
    }
  },
  {
    "id": 564,
    "firstname": "Delon",
    "lastname": "Wright",
    "birth": {
      "date": "1992-04-26",
      "country": "USA"
    },
    "nba": {
      "start": 2015,
      "pro": 6
    },
    "height": {
      "feets": "6",
      "inches": "5",
      "meters": "1.96"
    },
    "weight": {
      "pounds": "185",
      "kilograms": "83.9"
    },
    "college": "Utah",
    "affiliation": "Utah/USA",
    "leagues": {
      "standard": {
        "jersey": 55,
        "active": true,
        "pos": "G"
      },
      "africa": null,
      "vegas": null,
      "utah": null,
      "sacramento": null
    }
  },
  {
    "id": 588,
    "firstname": "Cat",
    "lastname": "Barber",
    "birth": {
      "date": "1994-07-25",
      "country": "USA"
    },
    "nba": {
      "start": 2021,
      "pro": 0
    },
    "height": {
      "feets": null,
      "inches": null,
      "meters": null
    },
    "weight": {
      "pounds": null,
      "kilograms": null
    },
    "college": "North Carolina State",
    "affiliation": "North Carolina State/USA",
    "leagues": {
      "standard": {
        "jersey": 5,
        "active": false,
        "pos": null
      },
      "africa": null,
      "vegas": null,
      "utah": null,
      "sacramento": null
    }
  },
  {
    "id": 329,
    "firstname": "Timothe",
    "lastname": "Luwawu-Cabarrot",
    "birth": {
      "date": "1995-05-09",
      "country": "France"
    },
    "nba": {
      "start": 2016,
      "pro": 5
    },
    "height": {
      "feets": "6",
      "inches": "7",
      "meters": "2.01"
    },
    "weight": {
      "pounds": "215",
      "kilograms": "97.5"
    },
    "college": "Mega Basket",
    "affiliation": "Mega Basket/France",
    "leagues": {
      "standard": {
        "jersey": 7,
        "active": true,
        "pos": "G-F"
      },
      "africa": {
        "jersey": null,
        "active": true,
        "pos": "G-F"
      },
      "vegas": null,
      "utah": null,
      "sacramento": null
    }
  },
  {
    "id": 761,
    "firstname": "John",
    "lastname": "Collins",
    "birth": {
      "date": "1997-09-23",
      "country": "USA"
    },
    "nba": {
      "start": 2017,
      "pro": 4
    },
    "height": {
      "feets": "6",
      "inches": "9",
      "meters": "2.06"
    },
    "weight": {
      "pounds": "226",
      "kilograms": "102.5"
    },
    "college": "Wake Forest",
    "affiliation": "Wake Forest/USA",
    "leagues": {
      "standard": {
        "jersey": 20,
        "active": true,
        "pos": "F-C"
      },
      "africa": {
        "jersey": 20,
        "active": true,
        "pos": "F-C"
      },
      "vegas": {
        "jersey": 20,
        "active": true,
        "pos": "F-C"
      },
      "utah": {
        "jersey": 20,
        "active": true,
        "pos": "F-C"
      },
      "sacramento": null
    }
  },
  {
    "id": 738,
    "firstname": "Jordan",
    "lastname": "Bell",
    "birth": {
      "date": "1995-01-07",
      "country": "USA"
    },
    "nba": {
      "start": 2017,
      "pro": 4
    },
    "height": {
      "feets": "6",
      "inches": "7",
      "meters": "2.01"
    },
    "weight": {
      "pounds": "216",
      "kilograms": "98.0"
    },
    "college": "Oregon",
    "affiliation": "Oregon/USA",
    "leagues": {
      "standard": {
        "jersey": 20,
        "active": true,
        "pos": "F"
      },
      "africa": null,
      "vegas": {
        "jersey": 24,
        "active": true,
        "pos": "F"
      },
      "utah": null,
      "sacramento": {
        "jersey": 2,
        "active": true,
        "pos": "F"
      }
    }
  },
  {
    "id": 802,
    "firstname": "Wes",
    "lastname": "Iwundu",
    "birth": {
      "date": "1994-12-20",
      "country": "USA"
    },
    "nba": {
      "start": 2017,
      "pro": 0
    },
    "height": {
      "feets": null,
      "inches": null,
      "meters": null
    },
    "weight": {
      "pounds": null,
      "kilograms": null
    },
    "college": "Kansas State",
    "affiliation": "Kansas State/USA",
    "leagues": {
      "standard": {
        "jersey": 4,
        "active": true,
        "pos": "F"
      },
      "africa": null,
      "vegas": {
        "jersey": 25,
        "active": true,
        "pos": "F"
      },
      "utah": null,
      "sacramento": null
    }
  },
  {
    "id": 1011,
    "firstname": "Cameron",
    "lastname": "Oliver",
    "birth": {
      "date": "1996-07-11",
      "country": "USA"
    },
    "nba": {
      "start": 2020,
      "pro": 1
    },
    "height": {
      "feets": "6",
      "inches": "8",
      "meters": "2.03"
    },
    "weight": {
      "pounds": "239",
      "kilograms": "108.4"
    },
    "college": "Nevada",
    "affiliation": "Nevada/USA",
    "leagues": {
      "standard": {
        "jersey": 21,
        "active": true,
        "pos": "F"
      },
      "africa": null,
      "vegas": {
        "jersey": 27,
        "active": true,
        "pos": "F"
      },
      "utah": null,
      "sacramento": {
        "jersey": 27,
        "active": true,
        "pos": "F"
      }
    }
  },
  {
    "id": 980,
    "firstname": "Kevin",
    "lastname": "Huerter",
    "birth": {
      "date": "1998-08-27",
      "country": "USA"
    },
    "nba": {
      "start": 2018,
      "pro": 3
    },
    "height": {
      "feets": "6",
      "inches": "7",
      "meters": "2.01"
    },
    "weight": {
      "pounds": "198",
      "kilograms": "89.8"
    },
    "college": "Maryland",
    "affiliation": "Maryland/USA",
    "leagues": {
      "standard": {
        "jersey": 9,
        "active": true,
        "pos": "G-F"
      },
      "africa": null,
      "vegas": {
        "jersey": 1,
        "active": true,
        "pos": "G"
      },
      "utah": {
        "jersey": 1,
        "active": true,
        "pos": "G"
      },
      "sacramento": null
    }
  },
  {
    "id": 987,
    "firstname": "Kevin",
    "lastname": "Knox II",
    "birth": {
      "date": "1999-08-11",
      "country": "USA"
    },
    "nba": {
      "start": 2018,
      "pro": 3
    },
    "height": {
      "feets": "6",
      "inches": "7",
      "meters": "2.01"
    },
    "weight": {
      "pounds": "215",
      "kilograms": "97.5"
    },
    "college": "Kentucky",
    "affiliation": "Kentucky/USA",
    "leagues": {
      "standard": {
        "jersey": 5,
        "active": true,
        "pos": "F"
      },
      "africa": null,
      "vegas": {
        "jersey": 20,
        "active": true,
        "pos": "F"
      },
      "utah": null,
      "sacramento": null
    }
  },
  {
    "id": 1046,
    "firstname": "Trae",
    "lastname": "Young",
    "birth": {
      "date": "1998-09-19",
      "country": "USA"
    },
    "nba": {
      "start": 2018,
      "pro": 3
    },
    "height": {
      "feets": "6",
      "inches": "1",
      "meters": "1.85"
    },
    "weight": {
      "pounds": "164",
      "kilograms": "74.4"
    },
    "college": "Oklahoma",
    "affiliation": "Oklahoma/USA",
    "leagues": {
      "standard": {
        "jersey": 11,
        "active": true,
        "pos": "G"
      },
      "africa": null,
      "vegas": {
        "jersey": 11,
        "active": true,
        "pos": "G"
      },
      "utah": {
        "jersey": 11,
        "active": true,
        "pos": "G"
      },
      "sacramento": null
    }
  },
  {
    "id": 977,
    "firstname": "Johnny",
    "lastname": "Hamilton",
    "birth": {
      "date": null,
      "country": null
    },
    "nba": {
      "start": 0,
      "pro": 0
    },
    "height": {
      "feets": null,
      "inches": null,
      "meters": null
    },
    "weight": {
      "pounds": null,
      "kilograms": null
    },
    "college": null,
    "affiliation": null,
    "leagues": {
      "standard": {
        "jersey": 24,
        "active": false,
        "pos": null
      },
      "africa": null,
      "vegas": {
        "jersey": 49,
        "active": true,
        "pos": "C"
      },
      "utah": null,
      "sacramento": null
    }
  },
  {
    "id": 923,
    "firstname": "DeVaughn",
    "lastname": "Akoon-Purcell",
    "birth": {
      "date": null,
      "country": null
    },
    "nba": {
      "start": 0,
      "pro": 0
    },
    "height": {
      "feets": null,
      "inches": null,
      "meters": null
    },
    "weight": {
      "pounds": null,
      "kilograms": null
    },
    "college": null,
    "affiliation": null,
    "leagues": {
      "standard": {
        "jersey": 44,
        "active": false,
        "pos": null
      },
      "africa": null,
      "vegas": {
        "jersey": 42,
        "active": true,
        "pos": "F"
      },
      "utah": null,
      "sacramento": null
    }
  },
  {
    "id": 2211,
    "firstname": "Justin",
    "lastname": "Tillman",
    "birth": {
      "date": null,
      "country": null
    },
    "nba": {
      "start": 0,
      "pro": 0
    },
    "height": {
      "feets": null,
      "inches": null,
      "meters": null
    },
    "weight": {
      "pounds": null,
      "kilograms": null
    },
    "college": null,
    "affiliation": null,
    "leagues": {
      "standard": {
        "jersey": null,
        "active": true,
        "pos": "F"
      },
      "africa": null,
      "vegas": {
        "jersey": 64,
        "active": true,
        "pos": "F"
      },
      "utah": null,
      "sacramento": null
    }
  },
  {
    "id": 2165,
    "firstname": "Chris",
    "lastname": "Clemons",
    "birth": {
      "date": null,
      "country": null
    },
    "nba": {
      "start": 0,
      "pro": 0
    },
    "height": {
      "feets": null,
      "inches": null,
      "meters": null
    },
    "weight": {
      "pounds": null,
      "kilograms": null
    },
    "college": null,
    "affiliation": null,
    "leagues": {
      "standard": {
        "jersey": 39,
        "active": false,
        "pos": null
      },
      "africa": null,
      "vegas": {
        "jersey": 39,
        "active": true,
        "pos": "G"
      },
      "utah": null,
      "sacramento": null
    }
  },
  {
    "id": 2579,
    "firstname": "Javin",
    "lastname": "DeLaurier",
    "birth": {
      "date": "1998-04-07",
      "country": "USA"
    },
    "nba": {
      "start": 0,
      "pro": 0
    },
    "height": {
      "feets": "6",
      "inches": "10",
      "meters": "2.08"
    },
    "weight": {
      "pounds": "234",
      "kilograms": "106.1"
    },
    "college": "Duke",
    "affiliation": "Duke/USA",
    "leagues": {
      "standard": {
        "jersey": 12,
        "active": true,
        "pos": "C"
      },
      "africa": null,
      "vegas": {
        "jersey": 40,
        "active": true,
        "pos": "F-C"
      },
      "utah": null,
      "sacramento": null
    }
  },
  {
    "id": 1948,
    "firstname": "DaQuan",
    "lastname": "Jeffries",
    "birth": {
      "date": "1997-08-30",
      "country": "USA"
    },
    "nba": {
      "start": 2019,
      "pro": 3
    },
    "height": {
      "feets": "6",
      "inches": "5",
      "meters": "1.96"
    },
    "weight": {
      "pounds": "225",
      "kilograms": "102.1"
    },
    "college": "Tulsa",
    "affiliation": "Tulsa/USA",
    "leagues": {
      "standard": {
        "jersey": 8,
        "active": true,
        "pos": "G-F"
      },
      "africa": null,
      "vegas": {
        "jersey": 16,
        "active": true,
        "pos": "F"
      },
      "utah": {
        "jersey": 55,
        "active": true,
        "pos": "G-F"
      },
      "sacramento": null
    }
  },
  {
    "id": 1889,
    "firstname": "Cam",
    "lastname": "Reddish",
    "birth": {
      "date": "1999-09-01",
      "country": "USA"
    },
    "nba": {
      "start": 2019,
      "pro": 2
    },
    "height": {
      "feets": "6",
      "inches": "8",
      "meters": "2.03"
    },
    "weight": {
      "pounds": "217",
      "kilograms": "98.4"
    },
    "college": "Duke",
    "affiliation": "Duke/USA",
    "leagues": {
      "standard": {
        "jersey": null,
        "active": true,
        "pos": "F-G"
      },
      "africa": null,
      "vegas": null,
      "utah": null,
      "sacramento": null
    }
  },
  {
    "id": 1868,
    "firstname": "De'Andre",
    "lastname": "Hunter",
    "birth": {
      "date": "1997-12-02",
      "country": "USA"
    },
    "nba": {
      "start": 2019,
      "pro": 2
    },
    "height": {
      "feets": "6",
      "inches": "8",
      "meters": "2.03"
    },
    "weight": {
      "pounds": "221",
      "kilograms": "100.2"
    },
    "college": "Virginia",
    "affiliation": "Virginia/USA",
    "leagues": {
      "standard": {
        "jersey": 12,
        "active": true,
        "pos": "F-G"
      },
      "africa": null,
      "vegas": {
        "jersey": 12,
        "active": true,
        "pos": "F"
      },
      "utah": null,
      "sacramento": null
    }
  },
  {
    "id": 1892,
    "firstname": "Admiral",
    "lastname": "Schofield",
    "birth": {
      "date": "1997-03-30",
      "country": "United Kingdom"
    },
    "nba": {
      "start": 2019,
      "pro": 1
    },
    "height": {
      "feets": "6",
      "inches": "5",
      "meters": "1.96"
    },
    "weight": {
      "pounds": "241",
      "kilograms": "109.3"
    },
    "college": "Tennessee",
    "affiliation": "Tennessee/United Kingdom",
    "leagues": {
      "standard": {
        "jersey": 25,
        "active": true,
        "pos": "F"
      },
      "africa": null,
      "vegas": {
        "jersey": 25,
        "active": true,
        "pos": "F"
      },
      "utah": null,
      "sacramento": null
    }
  },
  {
    "id": 2388,
    "firstname": "Jeremiah",
    "lastname": "Martin",
    "birth": {
      "date": "1996-06-19",
      "country": "USA"
    },
    "nba": {
      "start": 2019,
      "pro": 2
    },
    "height": {
      "feets": "6",
      "inches": "2",
      "meters": "1.88"
    },
    "weight": {
      "pounds": "185",
      "kilograms": "83.9"
    },
    "college": "Memphis",
    "affiliation": "Memphis/USA",
    "leagues": {
      "standard": {
        "jersey": 3,
        "active": true,
        "pos": "G"
      },
      "africa": null,
      "vegas": {
        "jersey": 10,
        "active": true,
        "pos": "G"
      },
      "utah": null,
      "sacramento": null
    }
  },
  {
    "id": 2629,
    "firstname": "Onyeka",
    "lastname": "Okongwu",
    "birth": {
      "date": "2000-12-11",
      "country": "USA"
    },
    "nba": {
      "start": 2020,
      "pro": 1
    },
    "height": {
      "feets": "6",
      "inches": "8",
      "meters": "2.03"
    },
    "weight": {
      "pounds": "240",
      "kilograms": "108.9"
    },
    "college": "Southern California",
    "affiliation": "Southern California/USA",
    "leagues": {
      "standard": {
        "jersey": 17,
        "active": true,
        "pos": "F-C"
      },
      "africa": null,
      "vegas": null,
      "utah": null,
      "sacramento": null
    }
  },
  {
    "id": 2620,
    "firstname": "Skylar",
    "lastname": "Mays",
    "birth": {
      "date": "1997-09-05",
      "country": "USA"
    },
    "nba": {
      "start": 2020,
      "pro": 1
    },
    "height": {
      "feets": "6",
      "inches": "4",
      "meters": "1.93"
    },
    "weight": {
      "pounds": "205",
      "kilograms": "93.0"
    },
    "college": "Louisiana State",
    "affiliation": "Louisiana State/USA",
    "leagues": {
      "standard": {
        "jersey": 4,
        "active": true,
        "pos": "G"
      },
      "africa": null,
      "vegas": {
        "jersey": 4,
        "active": true,
        "pos": "G"
      },
      "utah": null,
      "sacramento": null
    }
  },
  {
    "id": 2979,
    "firstname": "Nahziah",
    "lastname": "Carter",
    "birth": {
      "date": "1999-08-24",
      "country": "USA"
    },
    "nba": {
      "start": 0,
      "pro": 0
    },
    "height": {
      "feets": "6",
      "inches": "6",
      "meters": "1.98"
    },
    "weight": {
      "pounds": "205",
      "kilograms": "93.0"
    },
    "college": "Washington",
    "affiliation": "Washington/USA",
    "leagues": {
      "standard": null,
      "africa": null,
      "vegas": {
        "jersey": 31,
        "active": true,
        "pos": "G"
      },
      "utah": null,
      "sacramento": null
    }
  },
  {
    "id": 2800,
    "firstname": "Sharife",
    "lastname": "Cooper",
    "birth": {
      "date": "2001-06-11",
      "country": "USA"
    },
    "nba": {
      "start": 2021,
      "pro": 0
    },
    "height": {
      "feets": "6",
      "inches": "1",
      "meters": "1.85"
    },
    "weight": {
      "pounds": "176",
      "kilograms": "79.8"
    },
    "college": "Auburn",
    "affiliation": "Auburn/USA",
    "leagues": {
      "standard": {
        "jersey": 2,
        "active": true,
        "pos": "G"
      },
      "africa": null,
      "vegas": {
        "jersey": 2,
        "active": true,
        "pos": "G"
      },
      "utah": null,
      "sacramento": null
    }
  },
  {
    "id": 2819,
    "firstname": "Jalen",
    "lastname": "Johnson",
    "birth": {
      "date": "2001-12-18",
      "country": "USA"
    },
    "nba": {
      "start": 2021,
      "pro": 0
    },
    "height": {
      "feets": "6",
      "inches": "8",
      "meters": "2.03"
    },
    "weight": {
      "pounds": "219",
      "kilograms": "99.3"
    },
    "college": "Duke",
    "affiliation": "Duke/USA",
    "leagues": {
      "standard": {
        "jersey": 1,
        "active": true,
        "pos": "F"
      },
      "africa": null,
      "vegas": {
        "jersey": 1,
        "active": true,
        "pos": "F"
      },
      "utah": null,
      "sacramento": null
    }
  },
  {
    "id": 2794,
    "firstname": "Chaundee",
    "lastname": "Brown Jr.",
    "birth": {
      "date": "1998-12-04",
      "country": "USA"
    },
    "nba": {
      "start": 2021,
      "pro": 0
    },
    "height": {
      "feets": "6",
      "inches": "5",
      "meters": "1.96"
    },
    "weight": {
      "pounds": "215",
      "kilograms": "97.5"
    },
    "college": "Michigan",
    "affiliation": "Michigan/USA",
    "leagues": {
      "standard": {
        "jersey": 38,
        "active": true,
        "pos": "F"
      },
      "africa": null,
      "vegas": {
        "jersey": 45,
        "active": true,
        "pos": "G"
      },
      "utah": null,
      "sacramento": {
        "jersey": 15,
        "active": true,
        "pos": "G"
      }
    }
  },
  {
    "id": 2890,
    "firstname": "A.J.",
    "lastname": "Lawson",
    "birth": {
      "date": "2000-07-15",
      "country": "Canada"
    },
    "nba": {
      "start": 0,
      "pro": 0
    },
    "height": {
      "feets": "6",
      "inches": "6",
      "meters": "1.98"
    },
    "weight": {
      "pounds": "180",
      "kilograms": "81.6"
    },
    "college": "South Carolina",
    "affiliation": "South Carolina/Canada",
    "leagues": {
      "standard": {
        "jersey": 5,
        "active": true,
        "pos": "G"
      },
      "africa": null,
      "vegas": {
        "jersey": 29,
        "active": true,
        "pos": "G"
      },
      "utah": null,
      "sacramento": {
        "jersey": 58,
        "active": true,
        "pos": "G"
      }
    }
  },
  {
    "id": 3395,
    "firstname": "Malik",
    "lastname": "Ellison",
    "birth": {
      "date": null,
      "country": null
    },
    "nba": {
      "start": 0,
      "pro": 0
    },
    "height": {
      "feets": null,
      "inches": null,
      "meters": null
    },
    "weight": {
      "pounds": null,
      "kilograms": null
    },
    "college": null,
    "affiliation": null,
    "leagues": {
      "standard": {
        "jersey": null,
        "active": true,
        "pos": "G"
      },
      "africa": null,
      "vegas": {
        "jersey": 28,
        "active": true,
        "pos": "G"
      },
      "utah": {
        "jersey": 28,
        "active": true,
        "pos": "G"
      },
      "sacramento": null
    }
  },
  {
    "id": 3380,
    "firstname": "Malcolm",
    "lastname": "Hill",
    "birth": {
      "date": "1995-10-26",
      "country": "USA"
    },
    "nba": {
      "start": 2021,
      "pro": 0
    },
    "height": {
      "feets": "6",
      "inches": "6",
      "meters": "1.98"
    },
    "weight": {
      "pounds": "220",
      "kilograms": "99.8"
    },
    "college": "Illinois",
    "affiliation": "Illinois/USA",
    "leagues": {
      "standard": {
        "jersey": 14,
        "active": true,
        "pos": "F"
      },
      "africa": null,
      "vegas": {
        "jersey": 21,
        "active": true,
        "pos": "G-F"
      },
      "utah": null,
      "sacramento": null
    }
  },
  {
    "id": 3382,
    "firstname": "Ibi",
    "lastname": "Watson-Boye",
    "birth": {
      "date": null,
      "country": null
    },
    "nba": {
      "start": 0,
      "pro": 0
    },
    "height": {
      "feets": null,
      "inches": null,
      "meters": null
    },
    "weight": {
      "pounds": null,
      "kilograms": null
    },
    "college": null,
    "affiliation": null,
    "leagues": {
      "standard": {
        "jersey": 16,
        "active": false,
        "pos": null
      },
      "africa": null,
      "vegas": null,
      "utah": null,
      "sacramento": null
    }
  },
  {
    "id": 181,
    "firstname": "Danilo",
    "lastname": "Gallinari",
    "birth": {
      "date": "1988-08-08",
      "country": "Italy"
    },
    "nba": {
      "start": 2008,
      "pro": 12
    },
    "height": {
      "feets": "6",
      "inches": "10",
      "meters": "2.08"
    },
    "weight": {
      "pounds": "236",
      "kilograms": "107.0"
    },
    "college": "Olimpia Milano",
    "affiliation": "Olimpia Milano/Italy",
    "leagues": {
      "standard": {
        "jersey": 8,
        "active": true,
        "pos": "F"
      },
      "africa": {
        "jersey": 8,
        "active": true,
        "pos": "F"
      },
      "vegas": null,
      "utah": null,
      "sacramento": null
    }
  },
  {
    "id": 497,
    "firstname": "Lance",
    "lastname": "Stephenson",
    "birth": {
      "date": "1990-09-05",
      "country": "USA"
    },
    "nba": {
      "start": 2010,
      "pro": 9
    },
    "height": {
      "feets": "6",
      "inches": "5",
      "meters": "1.96"
    },
    "weight": {
      "pounds": "210",
      "kilograms": "95.3"
    },
    "college": "Cincinnati",
    "affiliation": "Cincinnati/USA",
    "leagues": {
      "standard": {
        "jersey": 6,
        "active": true,
        "pos": "F"
      },
      "africa": null,
      "vegas": null,
      "utah": null,
      "sacramento": null
    }
  },
  {
    "id": 141,
    "firstname": "Gorgui",
    "lastname": "Dieng",
    "birth": {
      "date": "1990-01-18",
      "country": "Senegal"
    },
    "nba": {
      "start": 2013,
      "pro": 8
    },
    "height": {
      "feets": "6",
      "inches": "10",
      "meters": "2.08"
    },
    "weight": {
      "pounds": "248",
      "kilograms": "112.5"
    },
    "college": "Louisville",
    "affiliation": "Louisville/Senegal",
    "leagues": {
      "standard": {
        "jersey": 10,
        "active": true,
        "pos": "C"
      },
      "africa": null,
      "vegas": null,
      "utah": null,
      "sacramento": null
    }
  },
  {
    "id": 239,
    "firstname": "Solomon",
    "lastname": "Hill",
    "birth": {
      "date": "1991-03-18",
      "country": "USA"
    },
    "nba": {
      "start": 2013,
      "pro": 0
    },
    "height": {
      "feets": null,
      "inches": null,
      "meters": null
    },
    "weight": {
      "pounds": null,
      "kilograms": null
    },
    "college": "Arizona",
    "affiliation": "Arizona/USA",
    "leagues": {
      "standard": {
        "jersey": 99,
        "active": false,
        "pos": null
      },
      "africa": null,
      "vegas": null,
      "utah": null,
      "sacramento": null
    }
  },
  {
    "id": 372,
    "firstname": "Eric",
    "lastname": "Moreland",
    "birth": {
      "date": null,
      "country": null
    },
    "nba": {
      "start": 0,
      "pro": 0
    },
    "height": {
      "feets": null,
      "inches": null,
      "meters": null
    },
    "weight": {
      "pounds": null,
      "kilograms": null
    },
    "college": null,
    "affiliation": null,
    "leagues": {
      "standard": {
        "jersey": 25,
        "active": false,
        "pos": null
      },
      "africa": null,
      "vegas": {
        "jersey": 25,
        "active": true,
        "pos": "F"
      },
      "utah": null,
      "sacramento": null
    }
  },
  {
    "id": 92,
    "firstname": "Clint",
    "lastname": "Capela",
    "birth": {
      "date": "1994-05-18",
      "country": "Switzerland"
    },
    "nba": {
      "start": 2014,
      "pro": 7
    },
    "height": {
      "feets": "6",
      "inches": "10",
      "meters": "2.08"
    },
    "weight": {
      "pounds": "256",
      "kilograms": "116.1"
    },
    "college": "Elan Chalon",
    "affiliation": "Elan Chalon/Switzerland",
    "leagues": {
      "standard": {
        "jersey": 15,
        "active": true,
        "pos": "C"
      },
      "africa": null,
      "vegas": null,
      "utah": null,
      "sacramento": null
    }
  },
  {
    "id": 743,
    "firstname": "Bogdan",
    "lastname": "Bogdanovic",
    "birth": {
      "date": "1992-08-18",
      "country": "Serbia"
    },
    "nba": {
      "start": 2017,
      "pro": 4
    },
    "height": {
      "feets": "6",
      "inches": "6",
      "meters": "1.98"
    },
    "weight": {
      "pounds": "225",
      "kilograms": "102.1"
    },
    "college": "Fenerbahce",
    "affiliation": "Fenerbahce/Serbia",
    "leagues": {
      "standard": {
        "jersey": 13,
        "active": true,
        "pos": "G"
      },
      "africa": null,
      "vegas": null,
      "utah": null,
      "sacramento": null
    }
  },
  {
    "id": 3006,
    "firstname": "Juwan",
    "lastname": "Durham",
    "birth": {
      "date": "1997-12-22",
      "country": null
    },
    "nba": {
      "start": 0,
      "pro": 0
    },
    "height": {
      "feets": "6",
      "inches": "11",
      "meters": "2.11"
    },
    "weight": {
      "pounds": "231",
      "kilograms": "104.8"
    },
    "college": "Notre Dame",
    "affiliation": null,
    "leagues": {
      "standard": null,
      "africa": null,
      "vegas": {
        "jersey": 30,
        "active": true,
        "pos": "F"
      },
      "utah": null,
      "sacramento": null
    }
  },
  {
    "id": 3057,
    "firstname": "Max",
    "lastname": "Heidegger",
    "birth": {
      "date": "1997-06-05",
      "country": "USA"
    },
    "nba": {
      "start": 0,
      "pro": 0
    },
    "height": {
      "feets": "6",
      "inches": "3",
      "meters": "1.9"
    },
    "weight": {
      "pounds": "180",
      "kilograms": "81.6"
    },
    "college": "California-Santa Barbara",
    "affiliation": "California-Santa Barbara/USA",
    "leagues": {
      "standard": null,
      "africa": null,
      "vegas": {
        "jersey": 26,
        "active": true,
        "pos": "G"
      },
      "utah": null,
      "sacramento": null
    }
  },
  {
    "id": 3072,
    "firstname": "Justin",
    "lastname": "Jaworski",
    "birth": {
      "date": "1999-06-21",
      "country": null
    },
    "nba": {
      "start": 0,
      "pro": 0
    },
    "height": {
      "feets": "6",
      "inches": "3",
      "meters": "1.9"
    },
    "weight": {
      "pounds": "196",
      "kilograms": "88.9"
    },
    "college": "Lafayette",
    "affiliation": null,
    "leagues": {
      "standard": null,
      "africa": null,
      "vegas": {
        "jersey": 33,
        "active": true,
        "pos": "G"
      },
      "utah": null,
      "sacramento": null
    }
  },
  {
    "id": 3263,
    "firstname": "Ibi",
    "lastname": "Watson",
    "birth": {
      "date": "1998-01-06",
      "country": null
    },
    "nba": {
      "start": 0,
      "pro": 0
    },
    "height": {
      "feets": "6",
      "inches": "5",
      "meters": "1.96"
    },
    "weight": {
      "pounds": "200",
      "kilograms": "90.7"
    },
    "college": "Dayton",
    "affiliation": null,
    "leagues": {
      "standard": null,
      "africa": null,
      "vegas": {
        "jersey": 16,
        "active": true,
        "pos": "G"
      },
      "utah": null,
      "sacramento": null
    }
  }
]